Lead_ID,Customer_Name,City,Pincode
5001,Pooja Das,kolkata,354889
5002,Siddharth Reddy, poona,801668
5003,Pooja Nair,Mumai,288826
5004,Tanvi Mishra,Hyderabad ,753471
5005,Siddharth Singh,BHOPAL,654674
5006,Tanvi Reddy,bhopal,831998
5007,Kiran Mishra,BLR,765107
5008,Kiran Nair,thane ,521710
5009,Rohan Mishra, Pink City,780527
5010,Pooja Joshi,Thana,768268
5011,Arjun Joshi,Jaipur,666214
5012,Kiran Sharma,Lucknow,549619
5013,Kiran Das,PUNE,601637
5014,Anjali Singh,Bhopal,147116
5015,Arjun Das,,356708
5016,Meera Singh,bangalore,796627
5017,Siddharth Joshi,pune,516278
5018,Meera Joshi,Hyderabad,387278
5019,Siddharth Reddy,begaluru,246850
5020,Arjun Mehta,Patna,612185
5021,Kiran Patil,Chennai,148839
5022,Tanvi Mehta,Delhi,494148
5023,Rohan Das,Bangalore,623273
5024,Meera Kulkarni,NGP,440522
5025,Yash Joshi,CHENNAI  ,450063
5026,Yash Mishra,NGP,398146
5027,Siddharth Kulkarni, poona,130730
5028,Pooja Singh,,669151
5029,Siddharth Mishra,Bhopl,201775
5030,Kiran Singh,Calcutta,751189
5031,Siddharth Mehta,PUNE,835425
5032,Yash Mishra,indor,464584
5033,Kiran Reddy,MUMBAI,112879
5034,Siddharth Sharma,PUNE,630007
5035,Tanvi Nair,amdavad,349642
5036,Aditya Sharma,,759485
5037,Siddharth Joshi,HYD,292882
5038,Tanvi Singh,thane ,706401
5039,Kiran Patil,Kolkata,261079
5040,Kiran Nair,Patnaa,351880
5041,Pooja Kulkarni,nagpur ,715416
5042,Kiran Reddy,lucknow,239619
5043,Arjun Reddy,Ahmadabad,231455
5044,Yash Mehta,Nagpr,323190
5045,Siddharth Reddy,NAGPUR,184164
5046,Kiran Singh,CCU,634194
5047,Yash Nair,NAGPUR,151602
5048,Arjun Mehta,Bombay,744310
5049,Rohan Sharma,amdavad,160592
5050,Aditya Mishra,MAA,483124
5051,Kiran Reddy,kolkaata,618101
5052,Kiran Das,delhi ,386163
5053,Anjali Mehta,pune,784544
5054,Kiran Kulkarni,Mumbai,618612
5055,Siddharth Kulkarni,pune,218840
5056,Yash Reddy,Pune,713250
5057,Rohan Mehta,Poona,552034
5058,Meera Kulkarni,lucknow,805727
5059,Pooja Kulkarni,luknow,547467
5060,Siddharth Mehta,Bombay,686086
5061,Kiran Patil,kolkaata,317961
5062,Yash Kulkarni,bangalore,234177
5063,Pooja Mehta,Bambai,390211
5064,Kiran Das,Lucknow,730302
5065,Pooja Nair,Poona,777045
5066,Yash Patil,kolkaata,847247
5067,Kiran Sharma,Bhopal,686680
5068,Pooja Sharma,DELHI,472370
5069,Kiran Mishra,  Mumbai  ,114012
5070,Siddharth Joshi, Pink City,750418
5071,Tanvi Nair,jaipur,330228
5072,Anjali Joshi,MUMBAI,376893
5073,Tanvi Sharma,,818521
5074,Siddharth Mehta,delhi ,293442
5075,Meera Patil,mumbai,336218
5076,Rohan Das,MUMBAI,136764
5077,Tanvi Mishra,NGP,408724
5078,Kiran Patil,Pune  ,129670
5079,Siddharth Nair,Bengaluru,448080
5080,Kiran Mishra, Pink City,427216
5081,Aditya Mishra,bengaluru,179003
5082,Siddharth Mehta, Pink City,665774
5083,Pooja Singh,thane ,583167
5084,Aditya Patil,begaluru,815786
5085,Tanvi Mehta,Chennai,848299
5086,Siddharth Singh,Ahmadabad,347377
5087,Yash Patil,Chennai,486585
5088,Siddharth Nair,pune,764440
5089,Yash Sharma,bangalore,287072
5090,Pooja Singh,Dilli,674810
5091,Pooja Sharma,AMD,418797
5092,Meera Das,Amdavad,551874
5093,Rohan Sharma,delhi,329778
5094,Siddharth Kulkarni,thane ,194289
5095,Meera Mehta,kolkata,287490
5096,Kiran Das,patna,185049
5097,Pooja Kulkarni,Chenai,263867
5098,Kiran Mishra,nagpur ,582531
5099,Tanvi Patil,PUNE,814945
5100,Aditya Mishra,indore,615514
5101,Siddharth Nair,BLR,724457
5102,Yash Mishra,nagpur,294845
5103,Meera Kulkarni,Kolkata,556383
5104,Tanvi Nair,Delhi,293720
5105,Pooja Reddy,Ahmedabad,616016
5106,Yash Sharma,Jaypur,159211
5107,Anjali Patil,nagpur,207260
5108,Rohan Reddy,bangalore,199347
5109,Rohan Kulkarni,DELHI,624786
5110,Anjali Kulkarni,Banglore,607791
5111,Rohan Patil,DL,838720
5112,Siddharth Nair,Lucknow ,812826
5113,Siddharth Patil,Jaipur,399349
5114,Aditya Patil,Indore ,374886
5115,Yash Mehta,,555379
5116,Yash Reddy,delhi ,497127
5117,Yash Joshi,PATNA,216505
5118,Yash Mehta,begaluru,287513
5119,Aditya Das,Mumb.,845201
5120,Aditya Mehta,bangalore,302902
5121,Kiran Kulkarni,Hyderabad,750179
5122,Yash Mehta,JAIPUR,275388
5123,Kiran Patil, New Delhi,502955
5124,Meera Reddy, poona,623455
5125,Kiran Kulkarni,Hyderabad,765128
5126,Pooja Reddy,Bambai,171123
5127,Siddharth Mehta,bhopal,661389
5128,Pooja Nair,Mumbai,199273
5129,Anjali Sharma,Delhi,594817
5130,Pooja Kulkarni,Hyderabad ,346258
5131,Meera Singh,Patna,515843
5132,Siddharth Patil,Bambai,294212
5133,Rohan Das,Lakhnow,207651
5134,Aditya Das, hyd,634832
5135,Siddharth Mishra,Lucknow,380656
5136,Siddharth Nair,bhopal ,214240
5137,Pooja Mishra,Bombay,468040
5138,Arjun Reddy,,448271
5139,Tanvi Nair,Bhopal,381754
5140,Tanvi Mehta,Dilli,650525
5141,Tanvi Mehta,lucknow,835408
5142,Siddharth Patil,Mumbai,559625
5143,Pooja Mehta,Kolkata ,137071
5144,Pooja Singh,Patnaa,671575
5145,Aditya Joshi,Bombay,140791
5146,Rohan Das,thane,790005
5147,Aditya Joshi,,809395
5148,Siddharth Das,  BANGALORE  ,266897
5149,Arjun Mishra,Jaypur,293262
5150,Pooja Mehta,Delhi,786875
5151,Meera Patil,indore,279450
5152,Arjun Mehta,Nagpr,315887
5153,Pooja Sharma,mumbai,306425
5154,Yash Mehta,Dilli,836647
5155,Yash Sharma,HYD,393497
5156,Rohan Joshi,Madras,439546
5157,Anjali Sharma,CHENNAI  ,550560
5158,Arjun Joshi, hyd,450070
5159,Pooja Reddy,Hyderbad,113302
5160,Tanvi Das,hydrabad,439762
5161,Meera Kulkarni,kolkaata,382013
5162,Tanvi Mishra,Indore,341052
5163,Rohan Singh,Mumai,385390
5164,Meera Mishra,bangalore,431000
5165,Anjali Mishra,Lakhnow,265888
5166,Kiran Singh,Bambai,449518
5167,Pooja Das, Nagpoor,371949
5168,Siddharth Mehta,bangalore,209013
5169,Yash Mehta,Mumai,290579
5170,Meera Sharma,JAIPUR,117960
5171,Yash Sharma,bhopal ,229939
5172,Arjun Das,Nagpur,847243
5173,Arjun Joshi,kolkaata,426143
5174,Arjun Singh,Chenai,787192
5175,Meera Mishra,Jaipur,224363
5176,Rohan Reddy,kolkata,257932
5177,Meera Nair,indore,724135
5178,Siddharth Sharma,ahmedabad,396395
5179,Pooja Patil, New Delhi,332980
5180,Tanvi Joshi,Hyderabad,278107
5181,Pooja Sharma,Madras,831580
5182,Aditya Reddy,Ahmadabad,206358
5183,Meera Mishra,bhopal,421273
5184,Arjun Sharma,hyderabad,402160
5185,Yash Mishra,nagpur ,443261
5186,Aditya Das,BHOPAL,525129
5187,Yash Singh, hyd,467972
5188,Yash Nair,Hyderbad,312378
5189,Yash Nair,Bhopl,794116
5190,Aditya Patil,Delli,306965
5191,Siddharth Sharma,bengaluru,849206
5192,Siddharth Reddy,Hyderabad,666655
5193,Yash Mehta,Ahmedabad,260319
5194,Aditya Nair, Pink City,326553
5195,Rohan Sharma,pune ,772848
5196,Arjun Reddy,Kolkataaa,279151
5197,Kiran Singh,,650258
5198,Arjun Das,delhi,339936
5199,Aditya Mishra,jaipur,622142
5200,Pooja Patil,MUMBAI,609041
5201,Siddharth Sharma,thane ,424826
5202,Siddharth Mehta,pune ,635877
5203,Meera Reddy,indore,503141
5204,Meera Sharma,indor,161784
5205,Rohan Nair,CHENNAI  ,196057
5206,Kiran Sharma,kolkaata,293269
5207,Anjali Reddy, Nagpoor,297743
5208,Aditya Singh,delhi,636587
5209,Meera Nair,Calcutta,263587
5210,Siddharth Mehta,Jaipur,256733
5211,Meera Nair,Amdavad,285656
5212,Meera Das,Banglore,639975
5213,Kiran Kulkarni,Patnaa,410199
5214,Siddharth Kulkarni,indore,725959
5215,Tanvi Mehta,Lucknow ,690574
5216,Anjali Patil,mumbai,166185
5217,Yash Patil,thane ,589619
5218,Kiran Sharma, Pink City,799977
5219,Meera Reddy,Mumai,331313
5220,Yash Sharma,calcutta,129224
5221,Aditya Joshi,INDORE,376975
5222,Arjun Das,Pune  ,566378
5223,Siddharth Mehta,MAA,791383
5224,Aditya Joshi,calcutta,449109
5225,Rohan Reddy,Chennai,278619
5226,Anjali Mishra,Nagpur,348081
5227,Arjun Mishra, hyd,719166
5228,Rohan Singh,BHOPAL,151423
5229,Yash Reddy,patna,309873
5230,Siddharth Patil,Mumb.,469019
5231,Siddharth Joshi,patna,710205
5232,Pooja Patil,ahmedabad,123232
5233,Yash Das,jaipur,679806
5234,Siddharth Mehta,Thana,467638
5235,Arjun Sharma,pune,453400
5236,Tanvi Nair,Delhi,823916
5237,Aditya Mehta,Bengaluru,395147
5238,Arjun Reddy,mumbai,572885
5239,Arjun Das,Chennai,726752
5240,Aditya Singh,delhi ,156792
5241,Anjali Sharma,hyderabad,682316
5242,Tanvi Kulkarni,MUMBAI,430600
5243,Yash Das,Thane,483933
5244,Siddharth Patil,NGP,373059
5245,Siddharth Sharma, Nagpoor,366968
5246,Aditya Das,ahmedabad,333796
5247,Siddharth Patil,Jaipur,674506
5248,Aditya Sharma,Jaypur,765665
5249,Pooja Reddy,CCU,358153
5250,Rohan Das,nagpur,740347
5251,Pooja Das,PATNA,720883
5252,Arjun Nair,Jaipur,138691
5253,Siddharth Patil,lucknow,642568
5254,Tanvi Mishra,indore,435153
5255,Anjali Patil,Jaipur,214150
5256,Pooja Das,Pune  ,565037
5257,Kiran Joshi,,437673
5258,Pooja Singh,patna,435212
5259,Arjun Mishra,jaipur ,183767
5260,Arjun Joshi,bhopal,333843
5261,Meera Kulkarni,thane ,297757
5262,Kiran Joshi,THANE,123262
5263,Siddharth Reddy,Indore,576045
5264,Anjali Das,Mumb.,559520
5265,Kiran Mishra,bhopal,502107
5266,Meera Joshi,HYD,781296
5267,Pooja Joshi,PUNE,370091
5268,Kiran Mehta,Kolkataaa,517163
5269,Arjun Nair, Pink City,379715
5270,Aditya Das,Jaipur,522576
5271,Yash Reddy, Pink City,161452
5272,Siddharth Das,  BANGALORE  ,420234
5273,Meera Kulkarni,chennai,663788
5274,Yash Das,  BANGALORE  ,653671
5275,Aditya Nair,Delhi,704254
5276,Kiran Nair,ahmedabad,841950
5277,Meera Das,Delli,542743
5278,Yash Mishra,Kolkata,204586
5279,Yash Nair,amdavad,612820
5280,Aditya Kulkarni,MAA,689866
5281,Tanvi Patil,AMD,386856
5282,Yash Mehta,Ahmadabad,150037
5283,Meera Joshi,HYD,388669
5284,Meera Mehta,Hyderbad,192926
5285,Kiran Mehta,DELHI,756805
5286,Aditya Reddy,,407215
5287,Arjun Nair,pune,508309
5288,Meera Patil,Lakhnow,164472
5289,Siddharth Joshi, Nagpoor,543231
5290,Arjun Mehta,bhopal ,497312
5291,Tanvi Kulkarni,Banglore,401123
5292,Yash Singh,DELHI,256215
5293,Rohan Reddy,chennai,547190
5294,Meera Singh,DL,636198
5295,Meera Joshi,chennai,198743
5296,Kiran Reddy,DL,629890
5297,Siddharth Nair,Lakhnow,312941
5298,Yash Das,Indore,474592
5299,Meera Sharma,Banglore,362177
5300,Yash Patil,ahmdabad,221954
5301,Rohan Mehta,Patnaa,512469
5302,Siddharth Mehta,CHENNAI  ,209557
5303,Aditya Das,CHENNAI  ,572173
5304,Tanvi Mishra,  BANGALORE  ,449088
5305,Yash Kulkarni,DELHI,714416
5306,Kiran Das,Patna,235615
5307,Rohan Sharma,Delli,236120
5308,Anjali Joshi,PATNA,464119
5309,Arjun Das,Jaipur,165194
5310,Rohan Nair,Calcutta,781823
5311,Kiran Reddy,Amdavad,561367
5312,Arjun Mishra,mumbai,142065
5313,Meera Joshi,Bombay,286824
5314,Siddharth Nair,pune ,199937
5315,Siddharth Sharma, Pink City,339850
5316,Pooja Patil,Kolkata,331796
5317,Meera Nair,Chenai,215645
5318,Kiran Nair,  BANGALORE  ,177129
5319,Tanvi Patil,DELHI,223235
5320,Arjun Joshi,Jaypur,384393
5321,Tanvi Singh,Kolkata,479143
5322,Siddharth Mishra, New Delhi,380889
5323,Siddharth Patil,thane ,762592
5324,Pooja Sharma,hyderabad,429308
5325,Arjun Singh,Madras,450824
5326,Rohan Patil,madras,715093
5327,Siddharth Reddy,Patnaa,739823
5328,Anjali Kulkarni,Lucknow,817108
5329,Meera Das,bangalore,618188
5330,Meera Das,AMD,214135
5331,Tanvi Kulkarni,Delli,675074
5332,Arjun Kulkarni,begaluru,182025
5333,Meera Mehta,,565949
5334,Rohan Kulkarni,Chenai,416422
5335,Aditya Sharma,PUNE,577185
5336,Kiran Das,Mumai,326516
5337,Arjun Kulkarni,Thane,341549
5338,Anjali Das,Bhopal,120890
5339,Arjun Reddy,PUNE,687816
5340,Yash Mehta,Nagpr,526213
5341,Anjali Mishra,HYD,751363
5342,Rohan Singh,Hyderbad,375668
5343,Pooja Reddy,Bhopl,323107
5344,Siddharth Mehta,Mumb.,283249
5345,Kiran Mishra,Delhi,732350
5346,Pooja Reddy,Bhopal,845250
5347,Siddharth Mishra,lucknow,644595
5348,Meera Kulkarni,PUNE,417545
5349,Meera Das,Nagpur,380390
5350,Meera Patil,MUMBAI,376205
5351,Pooja Reddy,DELHI,508365
5352,Aditya Mehta,NGP,460495
5353,Siddharth Reddy,mumbay,771535
5354,Yash Joshi,,358159
5355,Tanvi Nair,Bambai,618528
5356,Rohan Kulkarni,CHENNAI  ,115075
5357,Anjali Nair,Hyderabad,457766
5358,Yash Reddy,hyderabad,121337
5359,Siddharth Patil,BLR,118685
5360,Siddharth Nair,Kolkata,511218
5361,Arjun Kulkarni, Pink City,270997
5362,Aditya Reddy,calcutta,110118
5363,Meera Das,Patna,209207
5364,Yash Reddy, poona,325242
5365,Tanvi Reddy,CCU,702998
5366,Anjali Patil,Bambai,222985
5367,Tanvi Reddy, Pink City,435379
5368,Aditya Patil,Kolkata ,215747
5369,Aditya Mishra,Chennai,247950
5370,Rohan Sharma,HYD,362688
5371,Arjun Mehta,nagpur,272981
5372,Aditya Patil,Mumbai,780976
5373,Arjun Reddy,Dilli,471508
5374,Meera Patil,delhi ,170701
5375,Kiran Patil,ahmedabad,184282
5376,Aditya Sharma,calcutta,601580
5377,Aditya Patil,CHENNAI  ,653902
5378,Yash Mishra,Kolkata ,359490
5379,Kiran Reddy,Madras,797671
5380,Rohan Mehta,CHENNAI  ,269816
5381,Anjali Reddy,delhi,512525
5382,Meera Reddy,Lucknow ,785536
5383,Pooja Kulkarni,BHOPAL,371923
5384,Yash Patil,Nagpr,312810
5385,Meera Patil,bhopal ,534050
5386,Siddharth Sharma,bangalore,694342
5387,Kiran Sharma,lucknow,585403
5388,Rohan Joshi,Bombay,775679
5389,Meera Mishra,Banglore,522162
5390,Arjun Das,DELHI,436019
5391,Rohan Patil,Thana,677338
5392,Siddharth Nair,kolkata,170814
5393,Pooja Singh,,603837
5394,Yash Nair, hyd,528922
5395,Aditya Nair,Poona,188920
5396,Anjali Kulkarni,MAA,368913
5397,Anjali Das,patna,433694
5398,Aditya Reddy,Hyderabad,276712
5399,Yash Singh,Dilli,134228
5400,Kiran Das,indore,632405
5401,Anjali Mehta,patna ,568973
5402,Kiran Reddy,indor,798452
5403,Tanvi Kulkarni,Dilli,716058
5404,Pooja Nair,Kolkata ,385147
5405,Anjali Joshi,luknow,239690
5406,Pooja Das,THANE,808364
5407,Tanvi Patil,HYD,505096
5408,Pooja Patil,Thana,477537
5409,Anjali Singh,Bambai,446095
5410,Anjali Singh,AMD,630557
5411,Rohan Reddy,JAIPUR,246100
5412,Aditya Mehta,,642223
5413,Arjun Das,pune,475012
5414,Yash Sharma,Amdavad,401354
5415,Kiran Reddy,delhi ,611181
5416,Kiran Mehta,chennai,522537
5417,Meera Kulkarni,jaipur,821131
5418,Aditya Joshi,Calcutta,567821
5419,Aditya Reddy,LKO,787534
5420,Anjali Das,Chennai,631175
5421,Kiran Singh,Bombay,570014
5422,Tanvi Mishra,Thana,508388
5423,Rohan Reddy,Bangalore,354044
5424,Meera Mehta,chennai,401955
5425,Pooja Kulkarni,Delli,385157
5426,Kiran Das,delhy,640813
5427,Siddharth Reddy,begaluru,696790
5428,Siddharth Joshi,PUNE,237503
5429,Arjun Mehta,HYD,138415
5430,Rohan Joshi,Amdavad,288128
5431,Tanvi Sharma,Hyderbad,323530
5432,Pooja Reddy,begaluru,708001
5433,Kiran Mishra,MUMBAI,340750
5434,Pooja Singh,Thane,475989
5435,Tanvi Kulkarni,DELHI,814099
5436,Tanvi Kulkarni,Jaypur,188978
5437,Siddharth Sharma,lucknow,789232
5438,Aditya Das,PATNA,675591
5439,Aditya Sharma,Calcutta,784945
5440,Pooja Singh,nagpur,551777
5441,Pooja Patil,  Mumbai  ,353320
5442,Siddharth Mehta,Amdavad,502954
5443,Rohan Sharma,nagpur ,428391
5444,Pooja Mishra,DELHI,408932
5445,Siddharth Joshi,jaipur,553941
5446,Meera Patil,,377017
5447,Arjun Kulkarni,pune,403998
5448,Anjali Das,PUNE,315454
5449,Kiran Nair,ahmdabad,322615
5450,Yash Nair,Chenai,292764
5451,Siddharth Das,Amdavad,716590
5452,Yash Sharma,Jaypur,419627
5453,Kiran Nair,Ahmedabad,342843
5454,Tanvi Patil,Indore ,138852
5455,Kiran Nair,DL,367149
5456,Pooja Mishra,amdavad,164250
5457,Kiran Mishra,THANE,384367
5458,Yash Kulkarni,madras,726432
5459,Siddharth Sharma,Banglore,431427
5460,Kiran Nair,THANE,236071
5461,Yash Sharma,thane ,629388
5462,Siddharth Kulkarni,bengaluru,364323
5463,Aditya Mehta,LKO,480898
5464,Anjali Reddy,ahmedabad,620194
5465,Meera Mehta,Bhopl,790300
5466,Yash Mishra, New Delhi,802219
5467,Rohan Das,Madras,277873
5468,Tanvi Reddy,Indore ,125252
5469,Aditya Reddy,Indore,605241
5470,Pooja Mishra,Madras,239414
5471,Meera Nair,Patna,139532
5472,Tanvi Joshi,Indore ,176674
5473,Siddharth Patil,Banglore,793236
5474,Kiran Singh,,337138
5475,Pooja Joshi,CHENNAI  ,516874
5476,Yash Singh, New Delhi,288829
5477,Rohan Nair,DELHI,622410
5478,Anjali Sharma,JAIPUR,111962
5479,Arjun Patil,Kolkata ,320714
5480,Siddharth Mehta,AMD,149966
5481,Meera Joshi,mumbay,844355
5482,Arjun Patil,Mumbai,434324
5483,Rohan Nair,Indore,508253
5484,Siddharth Joshi,Dilli,186364
5485,Kiran Reddy,bengaluru,845417
5486,Rohan Das,Indore ,663050
5487,Kiran Reddy,MUMBAI,556218
5488,Rohan Nair,THANE,547204
5489,Kiran Sharma,Kolkataaa,742248
5490,Arjun Joshi,indor,433698
5491,Aditya Joshi,indore,197551
5492,Arjun Nair,amdavad,438362
5493,Rohan Mehta,Patna,476185
5494,Tanvi Sharma,DELHI,317551
5495,Kiran Mehta,patna,785228
5496,Pooja Reddy,thane,543356
5497,Aditya Reddy,hydrabad,319758
5498,Siddharth Mishra,bhopal,462812
5499,Siddharth Nair,Pune  ,434162
5500,Kiran Sharma,ahmedabad,728035
5501,Siddharth Das,jaipur,303534
5502,Anjali Reddy,pune ,567534
5503,Yash Kulkarni,mumbay,422785
5504,Pooja Nair,Delli,147835
5505,Rohan Sharma,BLR,657173
5506,Yash Singh,bengaluru,667943
5507,Siddharth Joshi,Ahmadabad,534875
5508,Kiran Mishra,Amdavad,289097
5509,Aditya Patil,PUNE,221612
5510,Anjali Patil, Nagpoor,805295
5511,Siddharth Nair,Pune,438946
5512,Siddharth Das,ahmdabad,425081
5513,Yash Mehta,Delhi,603700
5514,Aditya Kulkarni,lucknow,608075
5515,Pooja Sharma, New Delhi,213221
5516,Meera Joshi,Thane,256448
5517,Aditya Mishra,  Mumbai  ,780217
5518,Siddharth Nair,NAGPUR,630027
5519,Kiran Patil,Bhopl,817404
5520,Meera Patil,AMD,424747
5521,Kiran Reddy,Ahmadabad,522283
5522,Pooja Patil,Pune,269700
5523,Rohan Singh,Delli,260207
5524,Pooja Kulkarni,bhopal ,230195
5525,Yash Mishra,mumbai,146044
5526,Meera Reddy,Amdavad,276957
5527,Meera Joshi,patna ,244237
5528,Tanvi Sharma,indore,748465
5529,Arjun Nair,LKO,647576
5530,Pooja Singh,,468134
5531,Anjali Mehta,Bangalore,674031
5532,Tanvi Mishra,nagpur ,677090
5533,Tanvi Patil,Hyderbad,662684
5534,Arjun Reddy,Chenai,715453
5535,Rohan Sharma,patna ,478102
5536,Meera Patil,CCU,201284
5537,Kiran Mishra,begaluru,134953
5538,Pooja Nair, New Delhi,653737
5539,Kiran Patil,Bombay,672630
5540,Tanvi Reddy,kolkaata,251362
5541,Kiran Joshi,Pune  ,684476
5542,Pooja Patil,hydrabad,366855
5543,Rohan Mishra,NAGPUR,266953
5544,Siddharth Mehta,madras,445008
5545,Aditya Singh,jaipur ,709385
5546,Arjun Sharma,Amdavad,373809
5547,Kiran Mishra,DELHI,821568
5548,Arjun Patil,ahmdabad,680105
5549,Yash Sharma,CCU,764258
5550,Kiran Mishra,NAGPUR,361245
5551,Pooja Joshi,Jaipur,819541
5552,Anjali Das,nagpur,438811
5553,Kiran Joshi,bangalore,418083
5554,Yash Mehta,Delli,713745
5555,Kiran Kulkarni,thane ,230359
5556,Arjun Mehta,Lucknow ,426985
5557,Kiran Mishra,indor,542311
5558,Yash Kulkarni,indore,807727
5559,Arjun Das,,501658
5560,Aditya Joshi,JAIPUR,265405
5561,Tanvi Reddy,Chenai,457792
5562,Rohan Nair,Kolkataaa,638507
5563,Anjali Mehta,delhi ,321280
5564,Yash Nair,Bhopl,293091
5565,Meera Patil,Kolkataaa,373495
5566,Pooja Nair,delhi ,355786
5567,Yash Patil,indore,565165
5568,Tanvi Das,  Mumbai  ,343326
5569,Siddharth Singh,calcutta,183630
5570,Anjali Mishra,delhi,693496
5571,Siddharth Mehta,Lakhnow,839680
5572,Siddharth Reddy,Bombay,430739
5573,Yash Mehta,Madras,842982
5574,Meera Kulkarni,DELHI,605747
5575,Anjali Patil,begaluru,510898
5576,Siddharth Mehta, poona,795400
5577,Rohan Mishra,Banglore,815867
5578,Anjali Mehta,Patnaa,770302
5579,Aditya Singh,Jaypur,673551
5580,Tanvi Patil, New Delhi,374697
5581,Kiran Singh,Ahmedabad,283029
5582,Kiran Sharma,Delhi,403412
5583,Tanvi Mehta,Kolkataaa,730972
5584,Rohan Mishra,Mumb.,179105
5585,Siddharth Das,Hyderabad,458629
5586,Siddharth Mehta,Madras,653955
5587,Yash Nair,Amdavad,657059
5588,Siddharth Reddy,Bambai,833235
5589,Arjun Mishra,,194800
5590,Siddharth Das,thane ,696331
5591,Meera Singh,NGP,178493
5592,Siddharth Nair,BHOPAL,758880
5593,Rohan Singh,Hyderabad ,115794
5594,Siddharth Singh,JAIPUR,842684
5595,Yash Mishra,lucknow,526718
5596,Meera Nair,Thana,344898
5597,Siddharth Mishra,JAIPUR,822453
5598,Yash Das,Delli,624345
5599,Rohan Joshi,Delli,811953
5600,Anjali Nair,,626501
5601,Aditya Kulkarni,Kolkata,232296
5602,Tanvi Singh,Hyderabad ,205733
5603,Kiran Patil,jaipur,596454
5604,Yash Reddy,jaipur,251043
5605,Anjali Das,Kolkata ,763249
5606,Rohan Reddy,Pune  ,800968
5607,Pooja Joshi,Lucknow,428713
5608,Pooja Nair,indore,262262
5609,Yash Joshi,BLR,497217
5610,Kiran Mishra,,516286
5611,Meera Reddy,kolkaata,375531
5612,Pooja Singh,Mumai,732649
5613,Anjali Das,jaipur ,345899
5614,Arjun Sharma,Kolkataaa,310671
5615,Pooja Joshi,CHENNAI  ,494055
5616,Meera Patil,Banglore,381082
5617,Kiran Singh,MUMBAI,473249
5618,Pooja Joshi,,498367
5619,Anjali Reddy,Bangalore,785707
5620,Kiran Das,NGP,545955
5621,Tanvi Patil,Pune,303078
5622,Pooja Joshi,Pune  ,116139
5623,Meera Nair,mumbai,595068
5624,Aditya Kulkarni,hyderabad,324226
5625,Kiran Joshi,Indore,314968
5626,Siddharth Singh,calcutta,573447
5627,Aditya Joshi,LKO,377997
5628,Rohan Kulkarni,MUMBAI,445566
5629,Yash Joshi,Bhopl,751748
5630,Kiran Kulkarni,DELHI,252684
5631,Rohan Kulkarni, hyd,555572
5632,Kiran Das,Mumai,168004
5633,Pooja Sharma,Pune  ,253313
5634,Yash Patil,Delli,752483
5635,Yash Joshi,DELHI,345075
5636,Arjun Reddy,INDORE,274609
5637,Siddharth Nair,DL,465366
5638,Yash Joshi,THANE,690124
5639,Meera Patil,patna,318547
5640,Rohan Patil,Kolkata,681980
5641,Tanvi Mishra,HYD,458649
5642,Arjun Mehta,JAIPUR,231253
5643,Yash Joshi,kolkaata,446821
5644,Anjali Das,AMD,336415
5645,Pooja Singh,Bhopl,373963
5646,Pooja Mishra,Kolkata,669994
5647,Tanvi Mehta,Delli,793627
5648,Meera Singh,delhy,251552
5649,Tanvi Mishra,,647097
5650,Arjun Nair,Lucknow ,556310
5651,Tanvi Reddy, Nagpoor,389885
5652,Aditya Reddy,Madras,829369
5653,Yash Mehta,DL,507975
5654,Rohan Reddy,kolkaata,434184
5655,Tanvi Mehta,calcutta,283031
5656,Siddharth Kulkarni,AMD,689398
5657,Arjun Singh,begaluru,707669
5658,Arjun Nair,LKO,435328
5659,Tanvi Kulkarni,kolkaata,302385
5660,Aditya Das,Patnaa,718109
5661,Siddharth Mehta,bhopal ,671505
5662,Arjun Mehta,Patna,830317
5663,Pooja Mishra,PUNE,613332
5664,Anjali Sharma, Nagpoor,349539
5665,Anjali Mishra,Hyderabad,369851
5666,Tanvi Das,NAGPUR,695641
5667,Meera Joshi, hyd,307518
5668,Meera Singh,DL,564069
5669,Yash Mishra,delhy,553648
5670,Kiran Mishra,patna ,289121
5671,Yash Joshi,Jaypur,794868
5672,Meera Singh,Delli,123031
5673,Kiran Mishra,Hyderabad,282129
5674,Meera Mishra,delhy,259649
5675,Yash Das,Poona,751092
5676,Rohan Das,delhy,286921
5677,Yash Das,Dilli,145950
5678,Arjun Kulkarni,bengaluru,147858
5679,Rohan Das,Patnaa,828022
5680,Yash Kulkarni,PUNE,271535
5681,Rohan Mishra,Madras,748749
5682,Rohan Mehta,LKO,756852
5683,Siddharth Reddy,thane ,615606
5684,Rohan Joshi,Indore,695264
5685,Meera Singh,hyderabad,194313
5686,Arjun Singh, Pink City,446372
5687,Arjun Mehta,chennai,423887
5688,Rohan Nair,Nagpr,613249
5689,Anjali Sharma,Bhopl,659898
5690,Pooja Nair,Chenai,499575
5691,Aditya Sharma,nagpur,167122
5692,Meera Mishra,Nagpr,839624
5693,Siddharth Kulkarni,NGP,417380
5694,Pooja Mishra,nagpur,284425
5695,Siddharth Reddy,,204989
5696,Tanvi Sharma,,124356
5697,Arjun Patil,ahmdabad,309452
5698,Pooja Singh,nagpur,600734
5699,Anjali Joshi,INDORE,597137
5700,Pooja Joshi,madras,634636
5701,Pooja Mishra,PATNA,491089
5702,Yash Sharma,bhopal,725021
5703,Aditya Kulkarni,Mumai,606041
5704,Siddharth Sharma,MUMBAI,370049
5705,Arjun Singh,calcutta,729482
5706,Meera Reddy,Bhopl,835466
5707,Kiran Nair,,260283
5708,Rohan Singh,Nagpur,596495
5709,Arjun Patil,MAA,178066
5710,Arjun Reddy,Bombay,135364
5711,Aditya Mishra,madras,154785
5712,Yash Sharma,chennai,802821
5713,Pooja Kulkarni,  BANGALORE  ,225603
5714,Tanvi Singh,Patna,799486
5715,Kiran Kulkarni,Madras,583045
5716,Aditya Sharma,delhi ,239639
5717,Arjun Joshi,AMD,460883
5718,Aditya Singh,MUMBAI,681290
5719,Anjali Mehta,calcutta,416042
5720,Kiran Reddy,Pune,818082
5721,Tanvi Patil,thane,538229
5722,Anjali Das,Mumb.,651892
5723,Aditya Mehta, New Delhi,313750
5724,Rohan Joshi,,483665
5725,Anjali Kulkarni,Hyderabad,803000
5726,Yash Joshi,Bombay,157755
5727,Meera Singh,mumbai,436454
5728,Pooja Sharma,Patnaa,123155
5729,Meera Mishra,,816696
5730,Pooja Mehta,Dilli,539850
5731,Siddharth Nair,kolkata,181314
5732,Anjali Das, New Delhi,666995
5733,Arjun Joshi,,593152
5734,Arjun Reddy,ahmdabad,261627
5735,Siddharth Joshi,Ahmadabad,475255
5736,Siddharth Joshi,Chenai,245963
5737,Anjali Kulkarni,Nagpur,381316
5738,Siddharth Das,Madras,141625
5739,Aditya Patil,patna,548537
5740,Aditya Nair,Hyderabad ,848549
5741,Siddharth Mehta,Bhopal,675270
5742,Pooja Singh,DELHI,551999
5743,Arjun Mishra,DELHI,358478
5744,Kiran Das,  Mumbai  ,118947
5745,Anjali Nair,,352599
5746,Aditya Das,begaluru,627037
5747,Kiran Joshi,BHOPAL,418022
5748,Tanvi Patil,NGP,683213
5749,Tanvi Mehta, Pink City,384007
5750,Siddharth Sharma,hyderabad,459683
5751,Siddharth Das,PUNE,335170
5752,Anjali Mehta,,691261
5753,Kiran Sharma,PUNE,198599
5754,Arjun Patil,DL,123123
5755,Arjun Kulkarni,Chennai,492378
5756,Yash Joshi,Patnaa,712125
5757,Anjali Mehta,Hyderbad,634851
5758,Pooja Mehta,pune ,194336
5759,Yash Joshi,thane ,312883
5760,Kiran Das,Nagpur,410675
5761,Arjun Mehta, New Delhi,191396
5762,Aditya Sharma,chennai,625820
5763,Pooja Mehta,kolkaata,157950
5764,Yash Joshi,Dilli,369041
5765,Anjali Nair,jaipur,177847
5766,Siddharth Sharma,delhi ,338202
5767,Rohan Das,MAA,549048
5768,Anjali Sharma,Hyderabad,263807
5769,Meera Joshi,thane,419155
5770,Arjun Kulkarni,Mumb.,745989
5771,Siddharth Singh,,347600
5772,Meera Reddy,kolkaata,255436
5773,Tanvi Nair,,620329
5774,Rohan Das,Hyderabad ,764496
5775,Tanvi Kulkarni,Calcutta,516716
5776,Kiran Singh,Nagpr,138578
5777,Rohan Das,Amdavad,308708
5778,Meera Nair,Bombay,166958
5779,Siddharth Mehta,ahmedabad,697315
5780,Siddharth Reddy,nagpur,828625
5781,Meera Singh,MUMBAI,479678
5782,Siddharth Joshi,Chenai,572486
5783,Rohan Singh,Jaypur,522581
5784,Kiran Sharma,Lakhnow,342140
5785,Tanvi Sharma,thane ,313626
5786,Kiran Patil,Bambai,601346
5787,Kiran Singh,Chennai,495286
5788,Pooja Das,Bambai,487171
5789,Pooja Mehta, New Delhi,632304
5790,Pooja Nair,LKO,675303
5791,Yash Nair,jaipur ,716383
5792,Anjali Mehta,Ahmedabad,607047
5793,Anjali Kulkarni,Nagpr,110262
5794,Rohan Joshi,Kolkata ,265695
5795,Rohan Reddy,Kolkata ,680205
5796,Kiran Das,Hyderabad ,440036
5797,Aditya Singh,begaluru,797467
5798,Aditya Nair,JAIPUR,774101
5799,Tanvi Mehta,HYD,266336
5800,Aditya Mehta,indor,396765
5801,Yash Mehta,delhi ,200427
5802,Yash Singh,mumbay,325983
5803,Siddharth Singh,Pune  ,266688
5804,Anjali Joshi,indore,393518
5805,Yash Singh,Poona,641983
5806,Meera Nair,HYD,335776
5807,Tanvi Reddy,,424981
5808,Tanvi Mishra,Poona,164735
5809,Kiran Mehta,DELHI,772479
5810,Meera Nair,mumbay,596356
5811,Meera Reddy,INDORE,654957
5812,Pooja Nair,Lakhnow,307554
5813,Arjun Patil,INDORE,420074
5814,Pooja Kulkarni,Banglore,247789
5815,Aditya Nair,CHENNAI  ,432973
5816,Anjali Mehta,Banglore,209337
5817,Tanvi Singh,Pune  ,470691
5818,Kiran Kulkarni,lucknow,396624
5819,Rohan Mehta,kolkata,560667
5820,Arjun Joshi,Delli,647682
5821,Rohan Mehta,HYD,303305
5822,Kiran Das, hyd,572853
5823,Pooja Singh,PATNA,639103
5824,Siddharth Reddy,PATNA,828437
5825,Yash Das,nagpur,297586
5826,Yash Joshi,thane ,496018
5827,Pooja Mehta,,485927
5828,Pooja Sharma,kolkata,413094
5829,Siddharth Patil,begaluru,150493
5830,Anjali Das,thane ,503140
5831,Tanvi Das,Thane,353240
5832,Anjali Mehta,delhy,574222
5833,Tanvi Mehta,MAA,325552
5834,Rohan Mehta,Delhi,615959
5835,Aditya Mishra,Kolkataaa,385230
5836,Arjun Kulkarni,Nagpr,130541
5837,Arjun Kulkarni,Jaypur,814160
5838,Siddharth Joshi,jaipur ,113527
5839,Siddharth Patil,indore,256247
5840,Arjun Mehta,PATNA,426984
5841,Yash Sharma,Bhopl,144713
5842,Aditya Singh,Delli,740190
5843,Pooja Mishra,hyderabad,416721
5844,Meera Singh,nagpur ,768752
5845,Siddharth Sharma,Jaypur,411925
5846,Siddharth Sharma,  BANGALORE  ,168722
5847,Pooja Sharma,bengaluru,848104
5848,Rohan Sharma,Pune,777755
5849,Meera Patil,kolkata,631167
5850,Rohan Sharma, Nagpoor,403147
5851,Kiran Sharma,indor,211855
5852,Rohan Mishra,Nagpur,206030
5853,Pooja Kulkarni,mumbai,316771
5854,Rohan Nair,amdavad,717030
5855,Tanvi Patil,hydrabad,619954
5856,Kiran Nair,Bengaluru,410018
5857,Anjali Sharma,Poona,183504
5858,Meera Kulkarni,DELHI,445837
5859,Rohan Nair,Kolkataaa,134839
5860,Rohan Mehta, New Delhi,781587
5861,Siddharth Reddy,kolkata,441116
5862,Kiran Kulkarni,thane ,123867
5863,Siddharth Joshi,patna ,237296
5864,Yash Singh,Nagpur,633309
5865,Pooja Joshi,Nagpr,765444
5866,Arjun Singh,Lakhnow,188106
5867,Anjali Das,CCU,435708
5868,Pooja Joshi,pune ,215877
5869,Rohan Patil,Bambai,586974
5870,Rohan Nair,chennai,538376
5871,Siddharth Nair,Hyderabad,460591
5872,Rohan Sharma,JAIPUR,847783
5873,Arjun Sharma,Indore,811899
5874,Anjali Sharma,Calcutta,705113
5875,Rohan Mehta,luknow,148490
5876,Aditya Singh,Poona,207303
5877,Anjali Kulkarni,bengaluru,383566
5878,Pooja Singh,Lakhnow,382147
5879,Kiran Joshi,Pune,709477
5880,Meera Das,BHOPAL,428202
5881,Aditya Mishra,MAA,282201
5882,Anjali Sharma,amdavad,469721
5883,Pooja Patil,PATNA,484475
5884,Yash Kulkarni, hyd,262364
5885,Rohan Reddy,CHENNAI  ,804684
5886,Pooja Patil,kolkaata,803561
5887,Tanvi Kulkarni,lucknow,536031
5888,Kiran Sharma, poona,754919
5889,Meera Kulkarni,amdavad,381480
5890,Tanvi Patil,lucknow,234181
5891,Tanvi Mishra,mumbay,546819
5892,Aditya Nair,DL,679291
5893,Tanvi Reddy,indore,335461
5894,Pooja Nair,Lucknow ,594920
5895,Anjali Kulkarni,Jaypur,169970
5896,Rohan Patil,pune,671213
5897,Kiran Joshi,jaipur ,365492
5898,Siddharth Singh,JAIPUR,722932
5899,Pooja Das,delhi,565473
5900,Siddharth Joshi,Pune  ,425033
5901,Aditya Mishra,Delhi,690969
5902,Tanvi Mishra,DELHI,769222
5903,Pooja Mehta,delhy,680560
5904,Kiran Sharma,,259774
5905,Yash Kulkarni,Bengaluru,680373
5906,Meera Das,Chennai,447670
5907,Arjun Reddy,Bombay,846206
5908,Meera Sharma,PATNA,771199
5909,Yash Singh,BHOPAL,571111
5910,Anjali Das,NAGPUR,301410
5911,Pooja Singh,INDORE,767721
5912,Kiran Singh,Madras,751491
5913,Siddharth Patil,luknow,719445
5914,Meera Mishra,,473976
5915,Kiran Nair,Jaipur,666331
5916,Arjun Reddy,madras,418712
5917,Pooja Patil,Indore ,628607
5918,Arjun Joshi,pune,822297
5919,Kiran Patil,,169014
5920,Yash Mehta,delhi,274863
5921,Anjali Singh,pune,566205
5922,Yash Patil,amdavad,458394
5923,Siddharth Patil,Jaypur,428858
5924,Tanvi Sharma,delhy,368405
5925,Tanvi Patil,chennai,248863
5926,Rohan Reddy,bhopal ,383767
5927,Aditya Mehta,Thana,459086
5928,Aditya Patil,Hyderabad,790237
5929,Rohan Mehta,Mumbai,215552
5930,Aditya Singh,Chenai,498655
5931,Aditya Reddy,NGP,493357
5932,Anjali Kulkarni, New Delhi,624310
5933,Rohan Mishra,Patna,514823
5934,Meera Sharma,Hyderabad ,173094
5935,Yash Sharma,hyderabad,402920
5936,Pooja Reddy,begaluru,741147
5937,Siddharth Mishra,Madras,507809
5938,Siddharth Kulkarni,Bombay,375664
5939,Rohan Mehta,Lucknow,296384
5940,Pooja Das,NAGPUR,823766
5941,Pooja Kulkarni,Delhi,622299
5942,Siddharth Sharma,Delli,584142
5943,Pooja Nair,thane,847487
5944,Anjali Patil,ahmdabad,473997
5945,Meera Patil,Lucknow,236704
5946,Yash Mishra,Indore,477219
5947,Meera Singh,Lakhnow,185638
5948,Anjali Kulkarni,JAIPUR,709162
5949,Siddharth Patil,Kolkataaa,766720
5950,Kiran Singh, poona,826168
5951,Rohan Reddy,luknow,607523
5952,Aditya Joshi,pune ,839054
5953,Tanvi Singh,Kolkataaa,393590
5954,Pooja Patil,Indore,604130
5955,Pooja Nair, Pink City,295556
5956,Siddharth Das,Hyderabad ,604754
5957,Yash Sharma,Nagpur,593082
5958,Kiran Sharma,  Mumbai  ,662478
5959,Rohan Patil,Ahmadabad,473849
5960,Aditya Nair,Nagpr,825199
5961,Siddharth Singh,NAGPUR,706256
5962,Tanvi Singh,HYD,344824
5963,Tanvi Das,MUMBAI,263948
5964,Anjali Mehta,chennai,268367
5965,Anjali Patil,NAGPUR,550240
5966,Kiran Mehta, poona,738256
5967,Yash Das,lucknow,476198
5968,Meera Sharma,Thane,232780
5969,Pooja Nair,delhi,804879
5970,Meera Joshi,jaipur,839632
5971,Rohan Sharma,CCU,676318
5972,Yash Nair,  BANGALORE  ,351724
5973,Kiran Joshi, Pink City,475614
5974,Kiran Joshi,  BANGALORE  ,137598
5975,Pooja Patil,bangalore,659951
5976,Arjun Nair,Kolkata ,430076
5977,Anjali Das, poona,604452
5978,Pooja Singh,Lucknow,287269
5979,Meera Reddy,Chennai,339394
5980,Meera Sharma,INDORE,637720
5981,Tanvi Reddy,Dilli,590642
5982,Yash Reddy,Kolkataaa,362254
5983,Rohan Joshi,Jaypur,805912
5984,Meera Mehta,delhi,308606
5985,Anjali Joshi,bengaluru,496903
5986,Yash Joshi,Patna,476835
5987,Rohan Nair,patna,348068
5988,Rohan Patil,Chennai,434306
5989,Aditya Das, Pink City,338661
5990,Rohan Patil,THANE,239845
5991,Pooja Das,Bambai,243703
5992,Aditya Sharma,jaipur,484176
5993,Meera Joshi,Nagpr,457953
5994,Pooja Mehta,Chennai,828297
5995,Siddharth Patil, Nagpoor,763163
5996,Tanvi Mehta,,158355
5997,Pooja Reddy,BLR,295260
5998,Anjali Mehta,delhi,247618
5999,Pooja Mishra,AMD,245428
6000,Rohan Reddy,Kolkataaa,709204
